sentence_number;phenomenon_type_number;phenomenon_type;linguistic_phenomenon_number;linguistic_phenomenon;error_name_number;error_name;problem_source_number;problem_source;correct_sentence;incorrect_sentence;note_exception;note;origin_of_the_sentence;search_source;more_possible_examples;
1;1;Use of Cases;1;3.1 Nominative case;1;3.1.1 Nominative cases should not be used to express an indefinite quantity of things or a part of something (instead of the partitive genitive) with certain verbs.;1;(atsi)rasti(s);Mieste atsirado valkataujančių šunų.;Mieste atsirado valkataujantys šunys.; ;;vlkk;;;
2;1;Use of Cases;1;3.1 Nominative case;1;3.1.1 Nominative cases should not be used to express an indefinite quantity of things or a part of something (instead of the partitive genitive) with certain verbs.;1;(atsi)rasti(s);Kolektyve vėl atsirado nesutarimų.;Kolektyve vėl atsirado nesutarimai.; ;;vlkk;;;
3;1;Use of Cases;1;3.1 Nominative case;1;3.1.1 Nominative cases should not be used to express an indefinite quantity of things or a part of something (instead of the partitive genitive) with certain verbs.;1;(atsi)rasti(s);Nuo šviežių braškių kartais atsiranda odos išbėrimų.;Nuo šviežių braškių kartais atsiranda odos išbėrimai.; ;;vlkk;;;
4;1;Use of Cases;1;3.1 Nominative case;1;3.1.1 Nominative cases should not be used to express an indefinite quantity of things or a part of something (instead of the partitive genitive) with certain verbs.;2;būti;Pirkėja paklausė, ar yra pieno.;Pirkėja paklausė, ar yra pienas.; ;;vlkk;;;
5;1;Use of Cases;1;3.1 Nominative case;1;3.1.1 Nominative cases should not be used to express an indefinite quantity of things or a part of something (instead of the partitive genitive) with certain verbs.;2;būti;Žmogaus gyvenime būna potvynių ir atoslūgių.;Žmogaus gyvenime būna potvyniai ir atoslūgiai.; ;;vlkk;;;
6;1;Use of Cases;1;3.1 Nominative case;1;3.1.1 Nominative cases should not be used to express an indefinite quantity of things or a part of something (instead of the partitive genitive) with certain verbs.;2;būti;Gal jūsų šeimoje yra kokių problemų?;Gal jūsų šeimoje yra kokios problemos?; ;Changed 'sunkumų' to 'problemų'.;vlkk;;;
7;1;Use of Cases;1;3.1 Nominative case;1;3.1.1 Nominative cases should not be used to express an indefinite quantity of things or a part of something (instead of the partitive genitive) with certain verbs.;2;būti;Kiekvienoje visuomenėje visada buvo, yra ir bus dorų žmonių.;Kiekvienoje visuomenėje visada buvo, yra ir bus dori žmonės.; ;;vlkk;;;
8;1;Use of Cases;1;3.1 Nominative case;1;3.1.1 Nominative cases should not be used to express an indefinite quantity of things or a part of something (instead of the partitive genitive) with certain verbs.;3;daugėti;Susirgimų gripu padaugėjo.;Susirgimai gripu padaugėjo.; ;;vlkk;;;
9;1;Use of Cases;1;3.1 Nominative case;1;3.1.1 Nominative cases should not be used to express an indefinite quantity of things or a part of something (instead of the partitive genitive) with certain verbs.;4;įvykti;Spėjama, kad nuo trankios muzikos įvyksta pokyčių smegenyse.;Spėjama, kad nuo trankios muzikos įvyksta pokyčiai smegenyse.; ;;vlkk;;;
;1;Use of Cases;1;3.1 Nominative case;1;3.1.1 Nominative cases should not be used to express an indefinite quantity of things or a part of something (instead of the partitive genitive) with certain verbs.;4;įvykti;Per tą laiką įvyko ir nelaimių.;Per tą laiką įvyko ir nelaimės.; ;;internet;https://salcininkai.lt/valstybine-kalba/linksniu-vartojimo-klaidos/1004; ;
10;1;Use of Cases;1;3.1 Nominative case;1;3.1.1 Nominative cases should not be used to express an indefinite quantity of things or a part of something (instead of the partitive genitive) with certain verbs.;5;kilti;Dėl projekto kilo visokių abejonių.;Dėl projekto kilo visokios abejonės.; ;;vlkk;;;
11;1;Use of Cases;1;3.1 Nominative case;1;3.1.1 Nominative cases should not be used to express an indefinite quantity of things or a part of something (instead of the partitive genitive) with certain verbs.;5;kilti;Pasitarime iškilo naujų klausimų dėl darbo sutarčių.;Pasitarime iškilo nauji klausimai dėl darbo sutarčių.; ;;vlkk;;;
;1;Use of Cases;1;3.1 Nominative case;1;3.1.1 Nominative cases should not be used to express an indefinite quantity of things or a part of something (instead of the partitive genitive) with certain verbs.;5;kilti;Posėdyje dažnai kyla ginčų.;Posėdyje dažnai kyla ginčai.; ;;internet;https://salcininkai.lt/valstybine-kalba/linksniu-vartojimo-klaidos/1004; ;
12;1;Use of Cases;1;3.1 Nominative case;1;3.1.1 Nominative cases should not be used to express an indefinite quantity of things or a part of something (instead of the partitive genitive) with certain verbs.;6;mažėti;Nelaimingų atsitikimų buityje nemažėja.;Nelaimingi atsitikimai buityje nemažėja.; ;;vlkk;;;
13;1;Use of Cases;1;3.1 Nominative case;1;3.1.1 Nominative cases should not be used to express an indefinite quantity of things or a part of something (instead of the partitive genitive) with certain verbs.;6;mažėti;Šiemet ūkyje sumažėjo karvių ir kiaulių.;Šiemet ūkyje sumažėjo karvės ir kiaulės.; ;;vlkk;;;
14;1;Use of Cases;1;3.1 Nominative case;1;3.1.1 Nominative cases should not be used to express an indefinite quantity of things or a part of something (instead of the partitive genitive) with certain verbs.;7;pasitaikyti;Gyvenime pasitaiko įvairių nesusipratimų.;Gyvenime pasitaiko įvairūs nesusipratimai.; ;;vlkk;;;
15;1;Use of Cases;1;3.1 Nominative case;1;3.1.1 Nominative cases should not be used to express an indefinite quantity of things or a part of something (instead of the partitive genitive) with certain verbs.;7;pasitaikyti;Mokinio rašiniuose vis pasitaiko skyrybos klaidų.;Mokinio rašiniuose vis pasitaiko skyrybos klaidos.; ;;vlkk;;;
16;1;Use of Cases;1;3.1 Nominative case;2;3.1.2 Nominative case should not be used to express direct address.;1;;Vairuotojau, atidarykit duris.;Vairuotojas, atidarykit duris.; ;;vlkk;;;
17;1;Use of Cases;1;3.1 Nominative case;2;3.1.2 Nominative case should not be used to express direct address.;1;;Birute, jus kviečia direktorius.;Birutė, jus kviečia direktorius.; ;;vlkk;;;
18;1;Use of Cases;1;3.1 Nominative case;2;3.1.2 Nominative case should not be used to express direct address.;1;;Gerbiamasis pranešėjau, jums liko 10 minučių.;Gerbiamasis pranešėjas, jums liko 10 minučių.; ;;vlkk;;;
;1;Use of Cases;1;3.1 Nominative case;2;3.1.2 Nominative case should not be used to express direct address.;1;;Skaitytojau, parašykite savo nuomonę komentaruose.;Skaitytojas, parašykite savo nuomonę komentaruose.; ;;ChatGPT;; ;
;1;Use of Cases;1;3.1 Nominative case;2;3.1.2 Nominative case should not be used to express direct address.;1;;Drauge, paskambink man, kai grįši namo.;Draugė, paskambink man, kai grįši namo.; ;;ChatGPT;; ;
;1;Use of Cases;1;3.1 Nominative case;2;3.1.2 Nominative case should not be used to express direct address.;1;;Daktare, gal galite paaiškinti tyrimų rezultatus?;Daktaras, gal galite paaiškinti tyrimų rezultatus?; ;;ChatGPT;; ;
;1;Use of Cases;1;3.1 Nominative case;2;3.1.2 Nominative case should not be used to express direct address.;1;;Direktoriau, ar galėtumėte trumpai užsukti į salę?;Direktorius, ar galėtumėte trumpai užsukti į salę?; ;;ChatGPT;; ;
;1;Use of Cases;1;3.1 Nominative case;2;3.1.2 Nominative case should not be used to express direct address.;1;;Mindaugai, ar sudarei sąmatą?;Mindaugas, ar sudarei sąmatą?; ;;internet;https://alytus.lt/uploads/documents/files/LT/savivaldybes-administracija/administracine-informacija/kalbos%20taisyklingumas/Administracinės%20kalbos%20atmintinė%202019%2002%2018.pdf; ;
;1;Use of Cases;1;3.1 Nominative case;2;3.1.2 Nominative case should not be used to express direct address.;1;;Tėti, ateik į virtuvę paragauti sriubos.;Tėtis, ateik į virtuvę paragauti sriubos.; ;;ChatGPT;; ;
;1;Use of Cases;1;3.1 Nominative case;2;3.1.2 Nominative case should not be used to express direct address.;1;;Kas tavo mama, berniuk?;Kas tavo mama, berniukas?; ;;corpus;http://tekstynas.vdu.lt/tekstynas/; ;
19;1;Use of Cases;1;3.1 Nominative case;2;3.1.2 Nominative case should not be used to express direct address.;1;;Ponas pirmininke, čia reikia jūsų parašo.;Pone pirmininke, čia reikia jūsų parašo.;Priedėliu einančio daiktavardžio ponas vardininkas – ne klaida.; ;vlkk;;;
20;1;Use of Cases;2;3.2 Genitive case;1;3.2.1 Genitive case should not be used to denote the object of an action with certain verbs.;1;prieiti ko;Priėjome išvadą.;Priėjome išvados.; ;;vlkk;;;
21;1;Use of Cases;2;3.2 Genitive case;1;3.2.1 Genitive case should not be used to denote the object of an action with certain verbs.;1;prieiti ko;Priėjo bendrą nuomonę.;Priėjo bendros nuomonės.; ;;vlkk;;;
22;1;Use of Cases;2;3.2 Genitive case;1;3.2.1 Genitive case should not be used to denote the object of an action with certain verbs.;2;siekti ko (kiekio reikšme);Žuvies svoris siekė kilogramą.;Žuvies svoris siekė kilogramo.; ;;vlkk;;;
;1;Use of Cases;2;3.2 Genitive case;1;3.2.1 Genitive case should not be used to denote the object of an action with certain verbs.;1;prieiti ko;Priėjome sprendimą, kad reikia keisti planą.;Priėjome sprendimo, kad reikia keisti planą.; ;;ChatGPT;; ;
;1;Use of Cases;2;3.2 Genitive case;1;3.2.1 Genitive case should not be used to denote the object of an action with certain verbs.;1;prieiti ko;Dalyviai priėjo šalutinį kelią.;Dalyviai priėjo šalutinio kelio.; ;;ChatGPT;; ;
;1;Use of Cases;2;3.2 Genitive case;1;3.2.1 Genitive case should not be used to denote the object of an action with certain verbs.;1;prieiti ko;Tyrėjai priėjo priežastį, kodėl eksperimentas nepavyko.;Tyrėjai priėjo priežasties, kodėl eksperimentas nepavyko.; ;;ChatGPT;; ;
;1;Use of Cases;2;3.2 Genitive case;1;3.2.1 Genitive case should not be used to denote the object of an action with certain verbs.;2;siekti ko (kiekio reikšme);Vandens gylis siekia penkis metrus.;Vandens gylis siekia penkių metrų.; ;;ChatGPT;; ;
;1;Use of Cases;2;3.2 Genitive case;1;3.2.1 Genitive case should not be used to denote the object of an action with certain verbs.;2;siekti ko (kiekio reikšme);Sienos storis siekia pusę metro.;Sienos storis siekia pusės metro.; ;;ChatGPT;; ;
;1;Use of Cases;2;3.2 Genitive case;1;3.2.1 Genitive case should not be used to denote the object of an action with certain verbs.;2;siekti ko (kiekio reikšme);Oro temperatūra sieks šešis laipsnius šilumos.;Oro temperatūra sieks šešių laipsnių šilumos.; ;;corpus;http://tekstynas.vdu.lt/tekstynas/; ;
23;1;Use of Cases;2;3.2 Genitive case;1;3.2.1 Genitive case should not be used to denote the object of an action with certain verbs.;2;siekti ko (kiekio reikšme);Jo ūgis siekia du metrus.;Jo ūgis siekia dviejų metrų.; ;;vlkk;;;
24;1;Use of Cases;2;3.2 Genitive case;2;3.2.2 Genitive case should not be used to express comparative quantity with the comparative adverbs (ne) daugiau, (ne) mažiau, (ne) ilgiau, (ne) vėliau, (ne) anksčiau.;1; ;Čia telpa daugiau kaip šimtas žmonių.;Čia telpa daugiau šimto žmonių.; ;;vlkk;;;
;1;Use of Cases;2;3.2 Genitive case;2;3.2.2 Genitive case should not be used to express comparative quantity with the comparative adverbs (ne) daugiau, (ne) mažiau, (ne) ilgiau, (ne) vėliau, (ne) anksčiau.;1;;Grįšiu ne vėliau kaip penktadienį.;Grįšiu ne vėliau penktadienio.; ;;vlkk-extra;https://vlkk.lt/konsultacijos/1138-ne-ilgiau-ko; ;
;1;Use of Cases;2;3.2 Genitive case;2;3.2.2 Genitive case should not be used to express comparative quantity with the comparative adverbs (ne) daugiau, (ne) mažiau, (ne) ilgiau, (ne) vėliau, (ne) anksčiau.;1;;Krovinys sveria daugiau nei toną.;Krovinys sveria daugiau tonos.; ;;vlkk-extra;https://vlkk.lt/konsultacijos/1138-ne-ilgiau-ko; ;
;1;Use of Cases;2;3.2 Genitive case;2;3.2.2 Genitive case should not be used to express comparative quantity with the comparative adverbs (ne) daugiau, (ne) mažiau, (ne) ilgiau, (ne) vėliau, (ne) anksčiau.;1;;Kelionė truks ne ilgiau kaip tris dienas.;Kelionė truks ne ilgiau trijų dienų.; ;;vlkk-extra;https://vlkk.lt/konsultacijos/1138-ne-ilgiau-ko; ;
;1;Use of Cases;2;3.2 Genitive case;2;3.2.2 Genitive case should not be used to express comparative quantity with the comparative adverbs (ne) daugiau, (ne) mažiau, (ne) ilgiau, (ne) vėliau, (ne) anksčiau.;1;;Nukeliavo ne mažiau kaip tris šimtus kilometrų. ;Nukeliavo ne mažiau trijų šimtų kilometrų. ; ;;vlkk-extra;https://vlkk.lt/konsultacijos/11178-ne-mazesnis-nemaziau-ne-maziau-nemaziau; ;
;1;Use of Cases;2;3.2 Genitive case;2;3.2.2 Genitive case should not be used to express comparative quantity with the comparative adverbs (ne) daugiau, (ne) mažiau, (ne) ilgiau, (ne) vėliau, (ne) anksčiau.;1;;Bibliotekoje yra daugiau nei penkiasdešimt knygų.;Bibliotekoje yra daugiau penkiasdešimties knygų.; ;;ChatGPT;; ;
;1;Use of Cases;2;3.2 Genitive case;2;3.2.2 Genitive case should not be used to express comparative quantity with the comparative adverbs (ne) daugiau, (ne) mažiau, (ne) ilgiau, (ne) vėliau, (ne) anksčiau.;1;;Rinkimuose dalyvavo ne mažiau kaip tūkstantis žmonių.;Rinkimuose dalyvavo ne mažiau tūkstančio žmonių.; ;;ChatGPT;; ;
;1;Use of Cases;2;3.2 Genitive case;2;3.2.2 Genitive case should not be used to express comparative quantity with the comparative adverbs (ne) daugiau, (ne) mažiau, (ne) ilgiau, (ne) vėliau, (ne) anksčiau.;1;;Išvykusi būsiu mažiau kaip savaitę.;Išvykusi būsiu mažiau savaitės.; ;;internet;https://salcininkai.lt/valstybine-kalba/linksniu-vartojimo-klaidos/1004; ;
;1;Use of Cases;2;3.2 Genitive case;2;3.2.2 Genitive case should not be used to express comparative quantity with the comparative adverbs (ne) daugiau, (ne) mažiau, (ne) ilgiau, (ne) vėliau, (ne) anksčiau.;1;;Ateik ne anksčiau kaip trečią valandą.;Ateik ne anksčiau trečios valandos.; ;;internet;https://alytus.lt/uploads/documents/files/LT/savivaldybes-administracija/administracine-informacija/kalbos%20taisyklingumas/Administracinės%20kalbos%20atmintinė%202019%2002%2018.pdf; ;
;1;Use of Cases;2;3.2 Genitive case;2;3.2.2 Genitive case should not be used to express comparative quantity with the comparative adverbs (ne) daugiau, (ne) mažiau, (ne) ilgiau, (ne) vėliau, (ne) anksčiau.;1;;Net patys ištvermingiausi pasitraukia iš trasos anksčiau negu kiti.;Net patys ištvermingiausi pasitraukia iš trasos anksčiau laiko.; ;;internet;https://alytus.lt/uploads/documents/files/LT/savivaldybes-administracija/administracine-informacija/kalbos%20taisyklingumas/Administracinės%20kalbos%20atmintinė%202019%2002%2018.pdf; ;
;1;Use of Cases;2;3.2 Genitive case;2;3.2.2 Genitive case should not be used to express comparative quantity with the comparative adverbs (ne) daugiau, (ne) mažiau, (ne) ilgiau, (ne) vėliau, (ne) anksčiau.;1;;Jam jūra žemiau kelių.;Jam jūra žemiau kaip keliai.;Su kitos reikšmės daiktavardžiais kilmininkas – ne klaida.; ADDED THE INCORRECT ONE, and it is actually incorrect.;internet;https://alytus.lt/uploads/documents/files/LT/savivaldybes-administracija/administracine-informacija/kalbos%20taisyklingumas/Administracinės%20kalbos%20atmintinė%202019%2002%2018.pdf; ;
;1;Use of Cases;2;3.2 Genitive case;2;3.2.2 Genitive case should not be used to express comparative quantity with the comparative adverbs (ne) daugiau, (ne) mažiau, (ne) ilgiau, (ne) vėliau, (ne) anksčiau.;1;;Toliau savo nosies nemato.;Toliau kaip savo nosis nemato.;Su kitos reikšmės daiktavardžiais kilmininkas – ne klaida.; ADDED THE INCORRECT ONE, and it is actually incorrect.;internet;https://alytus.lt/uploads/documents/files/LT/savivaldybes-administracija/administracine-informacija/kalbos%20taisyklingumas/Administracinės%20kalbos%20atmintinė%202019%2002%2018.pdf; ;
;1;Use of Cases;2;3.2 Genitive case;2;3.2.2 Genitive case should not be used to express comparative quantity with the comparative adverbs (ne) daugiau, (ne) mažiau, (ne) ilgiau, (ne) vėliau, (ne) anksčiau.;1;;Lėktuvas nukrito 6 kilometrai šiauriau Talino.;Lėktuvas nukrito 6 kilometrai šiauriau kaip Talinas.;Kilmininkas leistinas, kai kalbama apie vertikalią padėtį.; ADDED THE INCORRECT ONE, and it is actually incorrect.;internet;https://alytus.lt/uploads/documents/files/LT/savivaldybes-administracija/administracine-informacija/kalbos%20taisyklingumas/Administracinės%20kalbos%20atmintinė%202019%2002%2018.pdf; ;
;1;Use of Cases;2;3.2 Genitive case;2;3.2.2 Genitive case should not be used to express comparative quantity with the comparative adverbs (ne) daugiau, (ne) mažiau, (ne) ilgiau, (ne) vėliau, (ne) anksčiau.;1;;Šiame parke auga daugiau nei dešimt medžių.;Šiame parke auga daugiau dešimties medžių.; ; ;ChatGPT;; ;
;1;Use of Cases;2;3.2 Genitive case;2;3.2.2 Genitive case should not be used to express comparative quantity with the comparative adverbs (ne) daugiau, (ne) mažiau, (ne) ilgiau, (ne) vėliau, (ne) anksčiau.;1;;Susitikimas truks ne ilgiau kaip dvi valandas.;Susitikimas truks ne ilgiau dviejų valandų.; ;;ChatGPT;; ;
25;1;Use of Cases;2;3.2 Genitive case;2;3.2.2 Genitive case should not be used to express comparative quantity with the comparative adverbs (ne) daugiau, (ne) mažiau, (ne) ilgiau, (ne) vėliau, (ne) anksčiau.;1;;Parašyk ne mažiau kaip penkis puslapius.;Parašyk ne mažiau penkių puslapių.; ;;vlkk;;;
26;1;Use of Cases;3;3.3 Dative case;1;3.3.1 Dative case should not be used to denote the object of an action with certain expressions.;1;atitikti kam;Nuorašas atitinka originalą.;Nuorašas atitinka originalui.; ;;vlkk;;;
27;1;Use of Cases;3;3.3 Dative case;1;3.3.1 Dative case should not be used to denote the object of an action with certain expressions.;2;neatitikti kam;Pasiūla dar neatitinka paklausos.;Pasiūla dar neatitinka paklausai.; ;;vlkk;;;
28;1;Use of Cases;3;3.3 Dative case;1;3.3.1 Dative case should not be used to denote the object of an action with certain expressions.;3;kreipti dėmesį kam;Daugiausia dėmesio kreipiame į pažangumą.;Daugiausia dėmesio kreipiame pažangumui.; ;;vlkk;;;
29;1;Use of Cases;3;3.3 Dative case;1;3.3.1 Dative case should not be used to denote the object of an action with certain expressions.;3;kreipti dėmesį kam;Nekreipkite dėmesio į tą šurmulį.;Nekreipkite dėmesio tam šurmuliui.; ;;vlkk;;;
30;1;Use of Cases;3;3.3 Dative case;1;3.3.1 Dative case should not be used to denote the object of an action with certain expressions.;4;linkti kam;Jis labai linkęs į mokslą.;Jis labai linkęs mokslui.; ;;vlkk;;;
31;1;Use of Cases;3;3.3 Dative case;1;3.3.1 Dative case should not be used to denote the object of an action with certain expressions.;5;panašus, -i kam;Sūnus labai panašus į tėvą.;Sūnus labai panašus tėvui.; ;;vlkk;;;
32;1;Use of Cases;3;3.3 Dative case;1;3.3.1 Dative case should not be used to denote the object of an action with certain expressions.;6;prisitaikyti kam;Mums bus nelengva prisitaikyti prie naujų sąlygų.;Mums bus nelengva prisitaikyti naujoms sąlygoms.; ;;vlkk;;;
33;1;Use of Cases;3;3.3 Dative case;1;3.3.1 Dative case should not be used to denote the object of an action with certain expressions.;7;sutelkti dėmesį kam;Dabar sutelkime dėmesį į šią schemą.;Dabar sutelkime dėmesį šiai schemai.; ;;vlkk;;;
;1;Use of Cases;3;3.3 Dative case;1;3.3.1 Dative case should not be used to denote the object of an action with certain expressions.;8;užjausti kam;Jis užjautė nelaimę patyrusius kaimynus.;Jis užjautė nelaimę patyrusiems kaimynams.; ;;ChatGPT;; ;
34;1;Use of Cases;3;3.3 Dative case;1;3.3.1 Dative case should not be used to denote the object of an action with certain expressions.;8;užjausti kam;Visi užjautėme bendradarbę.;Visi užjautėme bendradarbei.; ;;vlkk;;;
35;1;Use of Cases;3;3.3 Dative case;2;3.3.2 Dative case should not be used to describe a thing/object when purpose is not being expressed.;1;;Jis yra 50 km distancijos čempionas.;Jis yra čempionas 50 km distancijai.; ;;vlkk;;;
36;1;Use of Cases;3;3.3 Dative case;2;3.3.2 Dative case should not be used to describe a thing/object when purpose is not being expressed.;1;;Padarytas 200 litų sumos nuostolis.;Padarytas nuostolis 200 litų sumai.; ;;vlkk;; ;
;1;Use of Cases;3;3.3 Dative case;2;3.3.2 Dative case should not be used to describe a thing/object when purpose is not being expressed.;1;;"Vilnietis Arūnas Černius tapo konkurso „Geriausias vairuotojas-2002"" nugalėtoju.";"Vilnietis Arūnas Černius tapo nugalėtojas konkursui „Geriausias vairuotojas-2002""."; ;;corpus;http://tekstynas.vdu.lt/tekstynas/; ; 
;1;Use of Cases;3;3.3 Dative case;2;3.3.2 Dative case should not be used to describe a thing/object when purpose is not being expressed.;1;;Vakar buvo išduotas leidimas steigti ligoninę.;Vakar buvo išduotas leidimas ligoninei steigti.; ;;internet;http://web.vu.lt › flf › 2014/03 › SK_2015_linksniai; ;
;1;Use of Cases;3;3.3 Dative case;2;3.3.2 Dative case should not be used to describe a thing/object when purpose is not being expressed.;1;;Jis laimėjo 1000 eurų vertės prizą.;Jis laimėjo prizą 1000 eurų vertei.; ;;ChatGPT;; ;
;1;Use of Cases;3;3.3 Dative case;2;3.3.2 Dative case should not be used to describe a thing/object when purpose is not being expressed.;1;;Įsigijome 2 hektarus žemės sklypo.;Įsigijome žemės sklypą 2 hektarams.; ;;ChatGPT;; ;
;1;Use of Cases;3;3.3 Dative case;2;3.3.2 Dative case should not be used to describe a thing/object when purpose is not being expressed.;1;;Ji pelnė metų mokytojos apdovanojimą.;Ji pelnė apdovanojimą metų mokytojai.; ;;ChatGPT;;;
;1;Use of Cases;3;3.3 Dative case;2;3.3.2 Dative case should not be used to describe a thing/object when purpose is not being expressed.;1;;Jis gavo 10 metų darbo patirties sertifikatą.;Jis gavo sertifikatą 10 metų patirčiai.; ;;ChatGPT;;;
;1;Use of Cases;3;3.3 Dative case;2;3.3.2 Dative case should not be used to describe a thing/object when purpose is not being expressed.;1;;Restoranas gavo penkių žvaigždučių įvertinimą.;Restoranas gavo įvertinimą penkioms žvaigždutėms.; ;;ChatGPT;;;
37;1;Use of Cases;3;3.3 Dative case;2;3.3.2 Dative case should not be used to describe a thing/object when purpose is not being expressed.;1;;Atlikta darbų už 5000 litų sumą.;Atlikta darbų 5000 litų sumai.; ;;vlkk;;;
38;1;Use of Cases;3;3.3 Dative case;3;3.3.3 Dative case should not be used for indicating a specific time limit or moment when purpose is not being expressed.;1;;Iki šios dienos įregistruoti 775 laikraščiai.;Šiai dienai įregistruoti 775 laikraščiai.; ;;vlkk;;;
39;1;Use of Cases;3;3.3 Dative case;3;3.3.3 Dative case should not be used for indicating a specific time limit or moment when purpose is not being expressed.;1;;Iki spalio 25-os dienos nukasta 90% bulvių.;Spalio 25-ai dienai nukasta 90% bulvių.; ;;vlkk;;;
40;1;Use of Cases;3;3.3 Dative case;3;3.3.3 Dative case should not be used for indicating a specific time limit or moment when purpose is not being expressed.;1;;Šią valandą rinkimų rezultatai dar nepatikslinti.;Šiai valandai rinkimų rezultatai dar nepatikslinti.; ;;vlkk;;;
41;1;Use of Cases;3;3.3 Dative case;3;3.3.3 Dative case should not be used for indicating a specific time limit or moment when purpose is not being expressed.;1;;Metų pradžioje institute dirbo 83 darbuotojai.;Metų pradžiai institute dirbo 83 darbuotojai.; ;;vlkk;;;
;1;Use of Cases;3;3.3 Dative case;3;3.3.3 Dative case should not be used for indicating a specific time limit or moment when purpose is not being expressed.;1;;Šią savaitę pristatyta 120 užsakymų.;Šiai savaitei pristatyta 120 užsakymų.; ;;ChatGPT;; ;
;1;Use of Cases;3;3.3 Dative case;3;3.3.3 Dative case should not be used for indicating a specific time limit or moment when purpose is not being expressed.;1;;Metų pradžioje įstaiga skolų neturėjo.;Metų pradžiai įstaiga skolų neturėjo.; ;;internet;https://salcininkai.lt/valstybine-kalba/linksniu-vartojimo-klaidos/1004; ;
;1;Use of Cases;3;3.3 Dative case;3;3.3.3 Dative case should not be used for indicating a specific time limit or moment when purpose is not being expressed.;1;;Iki rugsėjo pabaigos užbaigta 75% projektų.;Rugsėjo pabaigai užbaigta 75% projektų.; ;;ChatGPT;; ;
;1;Use of Cases;3;3.3 Dative case;3;3.3.3 Dative case should not be used for indicating a specific time limit or moment when purpose is not being expressed.;1;;Iki vakaro turime paruošti ataskaitą.;Vakarui turime paruošti ataskaitą.; ;;ChatGPT;; ;
42;1;Use of Cases;3;3.3 Dative case;3;3.3.3 Dative case should not be used for indicating a specific time limit or moment when purpose is not being expressed.;1;;Išvažiavo vienai dienai.;Išvažiavo vieną dieną.;Veiksmo trukmei bei paskirčiai reikšti naudininkas – ne klaida.;ADDED THE INCORRECT ONE, but both are OK depending on the context.;vlkk;;;
43;1;Use of Cases;3;3.3 Dative case;3;3.3.3 Dative case should not be used for indicating a specific time limit or moment when purpose is not being expressed.;1;;Posėdį atidėjo kitai savaitei.;Posėdį atidėjo kitą savaitę.;Veiksmo trukmei bei paskirčiai reikšti naudininkas – ne klaida.;ADDED THE INCORRECT ONE, but both are OK depending on the context.;vlkk;;;
44;1;Use of Cases;3;3.3 Dative case;3;3.3.3 Dative case should not be used for indicating a specific time limit or moment when purpose is not being expressed.;1;;Lėšų skyrė tik šiam mėnesiui.;Lėšų skyrė tik šį mėnesį.;Veiksmo trukmei bei paskirčiai reikšti naudininkas – ne klaida.;ADDED THE INCORRECT ONE, but both are OK depending on the context.;vlkk;;;
45;1;Use of Cases;3;3.3 Dative case;4;3.3.4 Dative should not be used with verbs of motion to express purpose.;1;;Išėjo pietų.;Išėjo pietums.; ;;vlkk;;;
46;1;Use of Cases;3;3.3 Dative case;4;3.3.4 Dative should not be used with verbs of motion to express purpose.;1;;Susirinko į posėdį.;Susirinko posėdžiui.; ;;vlkk;;;
47;1;Use of Cases;3;3.3 Dative case;4;3.3.4 Dative should not be used with verbs of motion to express purpose.;1;;Teatras išvažiavo į gastroles.;Teatras išvažiavo gastrolėms.; ;;vlkk;;;
;1;Use of Cases;3;3.3 Dative case;4;3.3.4 Dative should not be used with verbs of motion to express purpose.;1;;Įvykio liudytojas buvo nuvežtas į apklausą.;Įvykio liudytojas buvo nuvežtas apklausai.; ; ;internet;http://web.vu.lt › flf › 2014/03 › SK_2015_linksniai; ;
;1;Use of Cases;3;3.3 Dative case;4;3.3.4 Dative should not be used with verbs of motion to express purpose.;1;;Šie ligoniai į tyrimus neatvyko.;Šie ligoniai tyrimams neatvyko.; ;;internet;https://salcininkai.lt/valstybine-kalba/linksniu-vartojimo-klaidos/1004; ;
;1;Use of Cases;3;3.3 Dative case;4;3.3.4 Dative should not be used with verbs of motion to express purpose.;1;;Kvalifikacijos kelti buvo pasiųsti du žmonės.;Kvalifikacijai kelti buvo pasiųsti du žmonės.; ;;internet;https://salcininkai.lt/valstybine-kalba/linksniu-vartojimo-klaidos/1005; ;
;1;Use of Cases;3;3.3 Dative case;4;3.3.4 Dative should not be used with verbs of motion to express purpose.;1;;Gavau kvietimą į iškilmingą vakarienę.;Gavau kvietimą iškilmingai vakarienei.; ;;internet;https://salcininkai.lt/valstybine-kalba/linksniu-vartojimo-klaidos/1006; ;
;1;Use of Cases;3;3.3 Dative case;4;3.3.4 Dative should not be used with verbs of motion to express purpose.;1;;Meras kvietė glaudžiau bendradarbiauti.;Meras kvietė glaudesniam bendradarbiavimui.; ;;internet;https://salcininkai.lt/valstybine-kalba/linksniu-vartojimo-klaidos/1007; ;
;1;Use of Cases;3;3.3 Dative case;4;3.3.4 Dative should not be used with verbs of motion to express purpose.;1;;Mokiniai išvyko į ekskursiją.;Mokiniai išvyko ekskursijai.; ;;ChatGPT;; ;
;1;Use of Cases;3;3.3 Dative case;4;3.3.4 Dative should not be used with verbs of motion to express purpose.;1;;Visi išėjo į šventę.;Visi išėjo šventei.; ;;ChatGPT;; ;
;1;Use of Cases;3;3.3 Dative case;4;3.3.4 Dative should not be used with verbs of motion to express purpose.;1;;Sportininkai važiavo į varžybas.;Sportininkai važiavo varžyboms.; ;;ChatGPT;; ;
;1;Use of Cases;3;3.3 Dative case;4;3.3.4 Dative should not be used with verbs of motion to express purpose.;1;;Direktorius nuėjo į susitikimą su partneriais.;Direktorius nuėjo susitikimui su partneriais.; ;;ChatGPT;; ;
;1;Use of Cases;3;3.3 Dative case;4;3.3.4 Dative should not be used with verbs of motion to express purpose.;1;;Darbuotojai išvyko į komandiruotę.;Darbuotojai išvyko komandiruotei.; ;;ChatGPT;; ;
48;1;Use of Cases;3;3.3 Dative case;4;3.3.4 Dative should not be used with verbs of motion to express purpose.;1;;Vykstame oficialaus vizito.;Vykstame oficialiam vizitui.; ;;vlkk;;;
49;1;Use of Cases;4;3.4 Accusative case;1;3.4.1 Accusative case should not be used to express an indefinite quantity of things or a part of something (instead of the partitive genitive).;1;;Reikalinga sekretorė, mokanti užsienio kalbų.;Reikalinga sekretorė, mokanti užsienio kalbas.; ;;vlkk;;;
50;1;Use of Cases;4;3.4 Accusative case;1;3.4.1 Accusative case should not be used to express an indefinite quantity of things or a part of something (instead of the partitive genitive).;1;;Visi mes darome klaidų.;Visi mes darome klaidas.; ;;vlkk;;;
51;1;Use of Cases;4;3.4 Accusative case;1;3.4.1 Accusative case should not be used to express an indefinite quantity of things or a part of something (instead of the partitive genitive).;1;;Prašom atnešti du juodos kavos ir vieną arbatos.;Prašom atnešti dvi juodas kavas ir vieną arbatą.; ;;vlkk;;;
;1;Use of Cases;4;3.4 Accusative case;1;3.4.1 Accusative case should not be used to express an indefinite quantity of things or a part of something (instead of the partitive genitive).;1;;Bet kokia dozė gali sukelti atsitiktinių reiškinių – genetinių pokyčių ar vėžinių susirgimų.;Bet kokia dozė gali sukelti atsitiktinius reiškinius – genetinius pokyčius ar vėžinius susirgimus.; ; ;vlkk-extra;https://vlkk.lt/konsultacijos/978-galininkas-kilmininkas; ;
;1;Use of Cases;4;3.4 Accusative case;1;3.4.1 Accusative case should not be used to express an indefinite quantity of things or a part of something (instead of the partitive genitive).;1;;Prašau duoti arbatos.;Prašau duoti arbatą.; ;;ChatGPT;; ;
;1;Use of Cases;4;3.4 Accusative case;1;3.4.1 Accusative case should not be used to express an indefinite quantity of things or a part of something (instead of the partitive genitive).;1;;Paragavo vaisių mišinio.;Paragavo vaisių mišinį.; ;;ChatGPT;; ;
;1;Use of Cases;4;3.4 Accusative case;1;3.4.1 Accusative case should not be used to express an indefinite quantity of things or a part of something (instead of the partitive genitive).;1;;Ji turi žinių apie projektą.;Ji turi žinias apie projektą.; ;;ChatGPT;; ;
;1;Use of Cases;4;3.4 Accusative case;1;3.4.1 Accusative case should not be used to express an indefinite quantity of things or a part of something (instead of the partitive genitive).;1;;Į arbatą įdėk medaus.;Į arbatą įdėk medų.; ;;ChatGPT;; ;
;1;Use of Cases;4;3.4 Accusative case;1;3.4.1 Accusative case should not be used to express an indefinite quantity of things or a part of something (instead of the partitive genitive).;1;;Ar turite šviežių uogų?;Ar turite šviežias uogas?; ;;ChatGPT;; ;
52;1;Use of Cases;4;3.4 Accusative case;1;3.4.1 Accusative case should not be used to express an indefinite quantity of things or a part of something (instead of the partitive genitive).;1;;Karšto vandens turime kartą per savaitę.;Karštą vandenį turime kartą per savaitę.; ;;vlkk;;;
53;1;Use of Cases;4;3.4 Accusative case;2;3.4.2 Accusative case should not be used to express the direct object next to a negative verb (instead of the genitive).;1;;Nedarinėk durų!;Nedarinėk duris!; ;;vlkk;;;
54;1;Use of Cases;4;3.4 Accusative case;2;3.4.2 Accusative case should not be used to express the direct object next to a negative verb (instead of the genitive).;1;;Kodėl neužsisakėte mūsų žurnalo?;Kodėl neužsisakėte mūsų žurnalą?; ;;vlkk;;;
;1;Use of Cases;4;3.4 Accusative case;2;3.4.2 Accusative case should not be used to express the direct object next to a negative verb (instead of the genitive).;1;;Neprašyk manęs tokių dalykų.;Neprašyk mane tokių dalykų.; ; ;internet;http://web.vu.lt › flf › 2014/03 › SK_2015_linksniai; ;
;1;Use of Cases;4;3.4 Accusative case;2;3.4.2 Accusative case should not be used to express the direct object next to a negative verb (instead of the genitive).;1;;Negirk pradžios, girk pabaigą.;Negirk pradžią, girk pabaigą.; ;;internet;https://alytus.lt/uploads/documents/files/LT/savivaldybes-administracija/administracine-informacija/kalbos%20taisyklingumas/Administracinės%20kalbos%20atmintinė%202019%2002%2018.pdf; ;
;1;Use of Cases;4;3.4 Accusative case;2;3.4.2 Accusative case should not be used to express the direct object next to a negative verb (instead of the genitive).;1;;Nebandykite šio recepto.;Nebandykite šį receptą.;;;ChatGPT;;;
;1;Use of Cases;4;3.4 Accusative case;2;3.4.2 Accusative case should not be used to express the direct object next to a negative verb (instead of the genitive).;1;;Neužfiksavome triukšmo padidėjimo.;Neužfiksavome triukšmo padidėjimą.; ;;ChatGPT;;;
;1;Use of Cases;4;3.4 Accusative case;2;3.4.2 Accusative case should not be used to express the direct object next to a negative verb (instead of the genitive).;1;;Neišgirdau tavo klausimo.;Neišgirdau tavo klausimą.; ;;ChatGPT;;;
;1;Use of Cases;4;3.4 Accusative case;2;3.4.2 Accusative case should not be used to express the direct object next to a negative verb (instead of the genitive).;1;;Negalime užtikrinti tokios kokybės.;Negalime užtikrinti tokią kokybę.; ;;ChatGPT;;;
;1;Use of Cases;4;3.4 Accusative case;2;3.4.2 Accusative case should not be used to express the direct object next to a negative verb (instead of the genitive).;1;;Neprisimenu tų laikų.;Neprisimenu tuos laikus.; ;;ChatGPT;;;
55;1;Use of Cases;4;3.4 Accusative case;2;3.4.2 Accusative case should not be used to express the direct object next to a negative verb (instead of the genitive).;1;;Šių užrašų nevadinčiau reportažu.;Šiuos užrašus nevadinčiau reportažu.; ;;vlkk;;;
56;1;Use of Cases;4;3.4 Accusative case;3;3.4.3 Accusative case should not be used with verbs of motion to express purpose or aim when the accusative cannot stand alone without the infinitive.;1;;Išėjo linų rauti.;Išėjo linus rauti.; ;;vlkk;;;
57;1;Use of Cases;4;3.4 Accusative case;3;3.4.3 Accusative case should not be used with verbs of motion to express purpose or aim when the accusative cannot stand alone without the infinitive.;1;;Profesorius atvyko skaityti paskaitų.;Profesorius atvyko skaityti paskaitas.; ;Added 'Profesorius'.;vlkk;;;
58;1;Use of Cases;4;3.4 Accusative case;3;3.4.3 Accusative case should not be used with verbs of motion to express purpose or aim when the accusative cannot stand alone without the infinitive.;1;;Nuvažiavo atsiimti dokumentų.;Nuvažiavo atsiimti dokumentus.; ;;vlkk;;;
;1;Use of Cases;4;3.4 Accusative case;3;3.4.3 Accusative case should not be used with verbs of motion to express purpose or aim when the accusative cannot stand alone without the infinitive.;1;;Išėjau parsivesti vaiko.;Išėjau parsivesti vaiką.; ;;internet;http://web.vu.lt › flf › 2014/03 › SK_2015_linksniai; ;
;1;Use of Cases;4;3.4 Accusative case;3;3.4.3 Accusative case should not be used with verbs of motion to express purpose or aim when the accusative cannot stand alone without the infinitive.;1;;Vaikinas išėjo pieno nupirkti.;Vaikinas išėjo pieną nupirkti.; ;;ChatGPT;; ; 
;1;Use of Cases;4;3.4 Accusative case;3;3.4.3 Accusative case should not be used with verbs of motion to express purpose or aim when the accusative cannot stand alone without the infinitive.;1;;Mama atėjo knygų pasiimti.;Mama atėjo knygas pasiimti.; ;;ChatGPT;; ;
;1;Use of Cases;4;3.4 Accusative case;3;3.4.3 Accusative case should not be used with verbs of motion to express purpose or aim when the accusative cannot stand alone without the infinitive.;1;;Įslinko pasiimti dokumentų iš kabineto.;Įslinko pasiimti dokumentus iš kabineto.; ;;ChatGPT;; ;
;1;Use of Cases;4;3.4 Accusative case;3;3.4.3 Accusative case should not be used with verbs of motion to express purpose or aim when the accusative cannot stand alone without the infinitive.;1;;Ji nuvyko sumokėti sąskaitų į banką.;Ji nuvyko sumokėti sąskaitas į banką.; ;;ChatGPT;; ;
;1;Use of Cases;4;3.4 Accusative case;3;3.4.3 Accusative case should not be used with verbs of motion to express purpose or aim when the accusative cannot stand alone without the infinitive.;1;;Užsuko giminių aplankyti.;Užsuko gimines aplankyti.; ;;ChatGPT;; ;
59;1;Use of Cases;4;3.4 Accusative case;3;3.4.3 Accusative case should not be used with verbs of motion to express purpose or aim when the accusative cannot stand alone without the infinitive.;1;;Išjojo tėvynės ginti.;Išjojo tėvynę ginti.; ;;vlkk;;;
60;1;Use of Cases;5;3.5 Instrumental case;1;3.5.1. Instrumental case should not be used to express the object with verbs denoting fullness or increase.;1;;Fonotekoje gausėja įrašų.;Fonoteka gausėja įrašais.; ;;vlkk;;;
61;1;Use of Cases;5;3.5 Instrumental case;1;3.5.1. Instrumental case should not be used to express the object with verbs denoting fullness or increase.;1;;Kišenės prikimštos pinigų.;Kišenės prikimštos pinigais.; ;;vlkk;;;
;1;Use of Cases;5;3.5 Instrumental case;1;3.5.1. Instrumental case should not be used to express the object with verbs denoting fullness or increase.;1;;Stalas prikrautas bylų.;Stalas prikrautas bylomis.; ;;internet;http://web.vu.lt › flf › 2014/03 › SK_2015_linksniai; ;
;1;Use of Cases;5;3.5 Instrumental case;1;3.5.1. Instrumental case should not be used to express the object with verbs denoting fullness or increase.;1;;Maistas prisotintas vitaminų.;Maistas prisotintas vitaminais.; ;;internet;http://web.vu.lt › flf › 2014/03 › SK_2015_linksniai; ;
;1;Use of Cases;5;3.5 Instrumental case;1;3.5.1. Instrumental case should not be used to express the object with verbs denoting fullness or increase.;1;;Širdis prisipildė sielvarto.;Širdis prisipildė sielvartu.; ;;internet;https://salcininkai.lt/valstybine-kalba/linksniu-vartojimo-klaidos/1004; ;
;1;Use of Cases;5;3.5 Instrumental case;1;3.5.1. Instrumental case should not be used to express the object with verbs denoting fullness or increase.;1;;Šaldytuvas pripildytas maisto produktų.;Šaldytuvas pripildytas maisto produktais.; ;;ChatGPT;; ;
;1;Use of Cases;5;3.5 Instrumental case;1;3.5.1. Instrumental case should not be used to express the object with verbs denoting fullness or increase.;1;;Talpykla prisotinta vandens.;Talpykla prisotinta vandeniu.; ;;ChatGPT;; ;
;1;Use of Cases;5;3.5 Instrumental case;1;3.5.1. Instrumental case should not be used to express the object with verbs denoting fullness or increase.;1;;Spinta prikimšta drabužių.;Spinta prikimšta drabužiais.; ;;ChatGPT;; ;
;1;Use of Cases;5;3.5 Instrumental case;1;3.5.1. Instrumental case should not be used to express the object with verbs denoting fullness or increase.;1;;Virtuvė prisotinta kvapų.;Virtuvė prisotinta kvapais.; ;;ChatGPT;; ;
;1;Use of Cases;5;3.5 Instrumental case;1;3.5.1. Instrumental case should not be used to express the object with verbs denoting fullness or increase.;1;;Vaikų kambarys gausėja žaislų.;Vaikų kambarys gausėja žaislais.; ;;ChatGPT;; ;
62;1;Use of Cases;5;3.5 Instrumental case;1;3.5.1. Instrumental case should not be used to express the object with verbs denoting fullness or increase.;1;;Lentynos prikrautos knygų.;Lentynos prikrautos knygomis.; ;;vlkk;;;
63;1;Use of Cases;5;3.5 Instrumental case;2;3.5.2 Instrumental case should not be used to express content of quality with adjectives denoting abundance.;1;;Jis dosnus pažadų.;Jis dosnus pažadais.; ;;vlkk;;;
64;1;Use of Cases;5;3.5 Instrumental case;2;3.5.2 Instrumental case should not be used to express content of quality with adjectives denoting abundance.;1;;Krašte gausu miškų ir upių.;Kraštas gausus miškais ir upėmis.; ;;vlkk;;;
65;1;Use of Cases;5;3.5 Instrumental case;2;3.5.2 Instrumental case should not be used to express content of quality with adjectives denoting abundance.;1;;Praėjusį teatro sezoną buvo daug naujų spektaklių.;Praėjęs teatro sezonas buvo turtingas naujais spektakliais.; ;;vlkk;;;
;1;Use of Cases;5;3.5 Instrumental case;2;3.5.2 Instrumental case should not be used to express content of quality with adjectives denoting abundance.;1;;Renginys gausus svečių.;Renginys gausus svečiais.; ;;internet;http://web.vu.lt › flf › 2014/03 › SK_2015_linksniai; ;
;1;Use of Cases;5;3.5 Instrumental case;2;3.5.2 Instrumental case should not be used to express content of quality with adjectives denoting abundance.;1;;Miestas pilnas gyventojų.;Miestas pilnas gyventojais.; ;;ChatGPT;; ;
;1;Use of Cases;5;3.5 Instrumental case;2;3.5.2 Instrumental case should not be used to express content of quality with adjectives denoting abundance.;1;;Biblioteka turtinga knygų.;Biblioteka turtinga knygomis.; ;;ChatGPT;; ;
;1;Use of Cases;5;3.5 Instrumental case;2;3.5.2 Instrumental case should not be used to express content of quality with adjectives denoting abundance.;1;;Mano draugai turtingi patarimų.;Mano draugai turtingi patarimais.; ;;ChatGPT;; ;
;1;Use of Cases;5;3.5 Instrumental case;2;3.5.2 Instrumental case should not be used to express content of quality with adjectives denoting abundance.;1;;Šis stalas nukrautas vaisių.;Šis stalas nukrautas vaisiais.; ;;ChatGPT;; ;
;1;Use of Cases;5;3.5 Instrumental case;2;3.5.2 Instrumental case should not be used to express content of quality with adjectives denoting abundance.;1;;Mamatė turtinga gerumo ir šilumos.;Mamatė turtinga gerumu ir  šiluma.; ;;internet;https://www.kurstoti.lt/s/13594/dazniausios-sintakses-sakiniu-sandaros-klaidos-abiturientu-vbe-rasiniuose; ;
;1;Use of Cases;5;3.5 Instrumental case;2;3.5.2 Instrumental case should not be used to express content of quality with adjectives denoting abundance.;1;;Koncertas turtingas remėjų.;Koncertas turtingas remėjais.; ;;ChatGPT;; ;
66;1;Use of Cases;5;3.5 Instrumental case;2;3.5.2 Instrumental case should not be used to express content of quality with adjectives denoting abundance.;1;;Ar esi turtingas pinigų?;Ar esi turtingas pinigais?; ;;vlkk;;;
67;1;Use of Cases;5;3.5 Instrumental case;3;3.5.3 Instrumental case should not be used to express the agent or cause of a state (but not the instrument) with passive participles.;1;;Bičiulis buvo priblokštas to įvykio. ;Bičiulis buvo priblokštas tuo įvykiu. ; ;;vlkk;;;
;1;Use of Cases;5;3.5 Instrumental case;3;3.5.3 Instrumental case should not be used to express the agent or cause of a state (but not the instrument) with passive participles.;1;;Mes sukrėsti jo nelaimių.;Mes sukrėsti jo nelaimėmis.; ;;internet;https://salcininkai.lt/valstybine-kalba/linksniu-vartojimo-klaidos/1004; ;
;1;Use of Cases;5;3.5 Instrumental case;3;3.5.3 Instrumental case should not be used to express the agent or cause of a state (but not the instrument) with passive participles.;1;;Šalis užimta priešo pajėgų.;Šalis užimta priešo pajėgomis.; ;;internet;https://www.nsa.smsm.lt/wp-content/uploads/2025/07/VERTINIMO-GAIRES-2022-koreguotos.pdf; ;
;1;Use of Cases;5;3.5 Instrumental case;3;3.5.3 Instrumental case should not be used to express the agent or cause of a state (but not the instrument) with passive participles.;1;;Vaikas buvo sužavėtas naujo žaislo.;Vaikas buvo sužavėtas nauju žaislu.; ;;ChatGPT;; ;
;1;Use of Cases;5;3.5 Instrumental case;3;3.5.3 Instrumental case should not be used to express the agent or cause of a state (but not the instrument) with passive participles.;1;;Miestas sukrėstas protestų.;Miestas sukrėstas protestais.; ;;ChatGPT;; ;
;1;Use of Cases;5;3.5 Instrumental case;3;3.5.3 Instrumental case should not be used to express the agent or cause of a state (but not the instrument) with passive participles.;1;;Piešinys buvo įkvėptas gamtos vaizdų.;Piešinys buvo įkvėptas gamtos vaizdais.; ;;ChatGPT;; ;
;1;Use of Cases;5;3.5 Instrumental case;3;3.5.3 Instrumental case should not be used to express the agent or cause of a state (but not the instrument) with passive participles.;1;;Ji buvo priblokšta savo pasiekimų.;Ji buvo priblokšta savo pasiekimais.; ;;ChatGPT;; ;
;1;Use of Cases;5;3.5 Instrumental case;3;3.5.3 Instrumental case should not be used to express the agent or cause of a state (but not the instrument) with passive participles.;1;;Komanda buvo įkvėpta trenerio patarimų.;Komanda buvo įkvėpta trenerio patarimais.; ;;ChatGPT;; ;
;1;Use of Cases;5;3.5 Instrumental case;3;3.5.3 Instrumental case should not be used to express the agent or cause of a state (but not the instrument) with passive participles.;1;;Vaikai yra išties sužavėti mokytojų pasakojimų.;Vaikai yra išties sužavėti mokytojų pasakojimais.; ;;ChatGPT;; ;
68;1;Use of Cases;5;3.5 Instrumental case;3;3.5.3 Instrumental case should not be used to express the agent or cause of a state (but not the instrument) with passive participles.;1;;Buvome nuliūdinti tokio jo elgesio.;Buvome nuliūdinti tokiu jo elgesiu.; ;;vlkk;;;
69;1;Use of Cases;5;3.5 Instrumental case;4;3.5.4 Instrumental case should not be used with forms of the verb būti to express a permanent (unchanging) state.;1;;Šio leidinio steigėjas yra mūsų institutas.;Šio leidinio steigėju yra mūsų institutas.; ;;vlkk;;;
70;1;Use of Cases;5;3.5 Instrumental case;4;3.5.4 Instrumental case should not be used with forms of the verb būti to express a permanent (unchanging) state.;1;;Sprendžiant iš akcento, jis galėjo būti prancūzas. ;Sprendžiant iš akcento, jis galėjo būti prancūzu. ; ;;vlkk;;;
;1;Use of Cases;5;3.5 Instrumental case;4;3.5.4 Instrumental case should not be used with forms of the verb būti to express a permanent (unchanging) state.;1;;Mes esame šios komisijos nariai.;Mes esame šios komisijos nariais.; ;;internet;http://web.vu.lt › flf › 2014/03 › SK_2015_linksniai; ;
;1;Use of Cases;5;3.5 Instrumental case;4;3.5.4 Instrumental case should not be used with forms of the verb būti to express a permanent (unchanging) state.;1;;Finansavimo šaltinis yra paramos fondas.;Finansavimo šaltiniu yra paramos fondas.; ;;internet;https://salcininkai.lt/valstybine-kalba/linksniu-vartojimo-klaidos/1004; ;
;1;Use of Cases;5;3.5 Instrumental case;4;3.5.4 Instrumental case should not be used with forms of the verb būti to express a permanent (unchanging) state.;1;;Tas mokinys jam buvo geras draugas.;Tas mokinys jam buvo geru draugu.; ;;ChatGPT;; ;
;1;Use of Cases;5;3.5 Instrumental case;4;3.5.4 Instrumental case should not be used with forms of the verb būti to express a permanent (unchanging) state.;1;;Šis miestas yra sostinė.;Šis miestas yra sostine.; ;;ChatGPT;; ;
;1;Use of Cases;5;3.5 Instrumental case;4;3.5.4 Instrumental case should not be used with forms of the verb būti to express a permanent (unchanging) state.;1;;Naujasis pastatas yra muziejus.;Naujasis pastatas yra muziejumi.; ;;ChatGPT;; ;
;1;Use of Cases;5;3.5 Instrumental case;4;3.5.4 Instrumental case should not be used with forms of the verb būti to express a permanent (unchanging) state.;1;;Jis yra profesionalus sportininkas.;Jis yra profesionaliu sportininku.; ;;ChatGPT;; ;
;1;Use of Cases;5;3.5 Instrumental case;4;3.5.4 Instrumental case should not be used with forms of the verb būti to express a permanent (unchanging) state.;1;;Biologijos pamokoje visi buvo aktyvūs dalyviai.;Biologijos pamokoje visi buvo aktyviais dalyviais.; ;;ChatGPT;; ;
71;1;Use of Cases;5;3.5 Instrumental case;4;3.5.4 Instrumental case should not be used with forms of the verb būti to express a permanent (unchanging) state.;1;;Kas buvo šios infekcijos priežastis?;Kas buvo šios infekcijos priežastimi?; ;;vlkk;;;
72;1;Use of Cases;5;3.5 Instrumental case;5;3.5.5 The instrumental of adjectives (and words used adjectivally) should not be used to express a state.;1;instead of the nominative;Sąraše jis buvo pirmasis, todėl atrodė toks patenkintas. ;Sąraše jis buvo pirmuoju, todėl atrodė tokiu patenkintu. ; ;;vlkk;;;
73;1;Use of Cases;5;3.5 Instrumental case;5;3.5.5 The instrumental of adjectives (and words used adjectivally) should not be used to express a state.;1;instead of the nominative;Kas nenori tapti turtingesnis?;Kas nenori tapti turtingesniu?; ;;vlkk;;;
;1;Use of Cases;5;3.5 Instrumental case;5;3.5.5 The instrumental of adjectives (and words used adjectivally) should not be used to express a state.;1;instead of the nominative;Pagrindinė derybų tema bus šilumos ūkio investicijos.;Pagrindine derybų tema bus šilumos ūkio investicijos.; ;;internet;https://salcininkai.lt/valstybine-kalba/linksniu-vartojimo-klaidos/1004; ;
;1;Use of Cases;5;3.5 Instrumental case;5;3.5.5 The instrumental of adjectives (and words used adjectivally) should not be used to express a state.;1;instead of the nominative;Kiekvienas nori būti laimingas.;Kiekvienas nori būti laimingu.; ;;internet;https://salcininkai.lt/valstybine-kalba/linksniu-vartojimo-klaidos/1005; ;
;1;Use of Cases;5;3.5 Instrumental case;5;3.5.5 The instrumental of adjectives (and words used adjectivally) should not be used to express a state.;1;instead of the nominative;Pirmas bus svarstomas klausimas dėl lėšų skyrimo.;Pirmu bus svarstomas klausimas dėl lėšų skyrimo.; ;;internet;https://salcininkai.lt/valstybine-kalba/linksniu-vartojimo-klaidos/1006; ;
74;1;Use of Cases;5;3.5 Instrumental case;5;3.5.5 The instrumental of adjectives (and words used adjectivally) should not be used to express a state.;2;instead of the genitive;Vien pinigai nepadaro žmogaus laimingo.;Vien pinigai nepadaro žmogaus laimingu.; ;;vlkk;; ;
;1;Use of Cases;5;3.5 Instrumental case;5;3.5.5 The instrumental of adjectives (and words used adjectivally) should not be used to express a state.;2;instead of the genitive;Visa tai nepalieka mūsų abejingų.;Visa tai nepalieka mūsų abejingais.; ;;internet;https://salcininkai.lt/valstybine-kalba/linksniu-vartojimo-klaidos/1006; ;
;1;Use of Cases;5;3.5 Instrumental case;5;3.5.5 The instrumental of adjectives (and words used adjectivally) should not be used to express a state.;2;instead of the genitive;Niekas negali versti kito būti visada atsakingo.;Niekas negali versti kito būti visada atsakingu.; ;;internet;https://salcininkai.lt/valstybine-kalba/linksniu-vartojimo-klaidos/1007; ;
75;1;Use of Cases;5;3.5 Instrumental case;5;3.5.5 The instrumental of adjectives (and words used adjectivally) should not be used to express a state.;3;instead of the dative;Lengva žmogui būti geram, sunkiau – teisingam. ;Lengva žmogui būti geru, sunkiau – teisingu. ; ;;vlkk;; ;
76;1;Use of Cases;5;3.5 Instrumental case;5;3.5.5 The instrumental of adjectives (and words used adjectivally) should not be used to express a state.;3;instead of the dative;Tai padėtų jam tapti profesionalesniam.;Tai padėtų jam tapti profesionalesniu.; ;;vlkk;; ;
;1;Use of Cases;5;3.5 Instrumental case;5;3.5.5 The instrumental of adjectives (and words used adjectivally) should not be used to express a state.;3;instead of the dative;Gera būti sveikiems.;Gera būti sveikais.; ;;internet;https://salcininkai.lt/valstybine-kalba/linksniu-vartojimo-klaidos/1007; ;
;1;Use of Cases;5;3.5 Instrumental case;5;3.5.5 The instrumental of adjectives (and words used adjectivally) should not be used to express a state.;3;instead of the dative;Malonu būti pagirtiems.;Malonu būti pagirtais.; ;;internet;https://salcininkai.lt/valstybine-kalba/linksniu-vartojimo-klaidos/1008; ;
;1;Use of Cases;5;3.5 Instrumental case;5;3.5.5 The instrumental of adjectives (and words used adjectivally) should not be used to express a state.;3;instead of the dative;Jiems grėsė pavojus būti sulaikytiems.;Jiems grėsė pavojus būti sulaikytais.; ;;internet;https://salcininkai.lt/valstybine-kalba/linksniu-vartojimo-klaidos/1009; ;
77;1;Use of Cases;5;3.5 Instrumental case;5;3.5.5 The instrumental of adjectives (and words used adjectivally) should not be used to express a state.;4;instead of the accusative;Sunkumai privertė ją būti taupesnę ir išradingesnę.;Sunkumai privertė ją būti taupesne ir išradingesne.; ;;vlkk;; ;
78;1;Use of Cases;5;3.5 Instrumental case;5;3.5.5 The instrumental of adjectives (and words used adjectivally) should not be used to express a state.;4;instead of the accusative;Kas jį tokį padarė?;Kas jį tokiu padarė?; ;;vlkk;; ;
;1;Use of Cases;5;3.5 Instrumental case;5;3.5.5 The instrumental of adjectives (and words used adjectivally) should not be used to express a state.;4;instead of the accusative;Šių reikalavimų nesilaikymas daro sutartis negaliojančias.;Šių reikalavimų nesilaikymas daro sutartis negaliojančiomis.; ;;internet;https://salcininkai.lt/valstybine-kalba/linksniu-vartojimo-klaidos/1010; ;
;1;Use of Cases;5;3.5 Instrumental case;5;3.5.5 The instrumental of adjectives (and words used adjectivally) should not be used to express a state.;4;instead of the accusative;Mes stengiamės renginį padaryti linksmesnį, įdomesnį.;Mes stengiamės renginį padaryti linksmesniu, įdomesniu.; ;;internet;https://salcininkai.lt/valstybine-kalba/linksniu-vartojimo-klaidos/1011; ;
;1;Use of Cases;5;3.5 Instrumental case;5;3.5.5 The instrumental of adjectives (and words used adjectivally) should not be used to express a state.;4;instead of the accusative;Sprendimą jie paliko nepakeistą.;Sprendimą jie paliko nepakeistu.; ;;internet;https://salcininkai.lt/valstybine-kalba/linksniu-vartojimo-klaidos/1012; ;
;1;Use of Cases;5;3.5 Instrumental case;5;3.5.5 The instrumental of adjectives (and words used adjectivally) should not be used to express a state.;4;instead of the accusative;Visus kviečiame būti vieningus.;Visus kviečiame būti vieningais.; ;;internet;https://salcininkai.lt/valstybine-kalba/linksniu-vartojimo-klaidos/1013; ;
;1;Use of Cases;5;3.5 Instrumental case;5;3.5.5 The instrumental of adjectives (and words used adjectivally) should not be used to express a state.;4;instead of the accusative;Baudos verčia vairuotojus būti drausmingus.;Baudos verčia vairuotojus būti drausmingais.; ;;internet;https://salcininkai.lt/valstybine-kalba/linksniu-vartojimo-klaidos/1014; ;
79;1;Use of Cases;5;3.5 Instrumental case;5;3.5.5 The instrumental of adjectives (and words used adjectivally) should not be used to express a state.; ;;Jį laikė gražiu, bet lengvabūdišku.;Jį laikė gražų, bet lengvabūdišką.;Su veiksmažodžiais laikyti, (pa)skelbti, (pa)vadinti, pripažinti įnagininkas – ne klaida.; ADDED THE INCORRECT ONE, and it is actually incorrect.;vlkk;;;
80;1;Use of Cases;5;3.5 Instrumental case;5;3.5.5 The instrumental of adjectives (and words used adjectivally) should not be used to express a state.; ;;Jis padėtį pavadino pavojinga.;Jis padėtį pavadino pavojingą.;Su veiksmažodžiais laikyti, (pa)skelbti, (pa)vadinti, pripažinti įnagininkas – ne klaida.; ADDED THE INCORRECT ONE, and it is actually incorrect.;vlkk;;;
81;1;Use of Cases;5;3.5 Instrumental case;5;3.5.5 The instrumental of adjectives (and words used adjectivally) should not be used to express a state.; ;;Teismas jį pripažino nekaltu.;Teismas jį pripažino nekaltą.;Su veiksmažodžiais laikyti, (pa)skelbti, (pa)vadinti, pripažinti įnagininkas – ne klaida.; ADDED THE INCORRECT ONE, and it is actually incorrect.;vlkk;;;
82;1;Use of Cases;5;3.5 Instrumental case;5;3.5.5 The instrumental of adjectives (and words used adjectivally) should not be used to express a state.; ;;Po dvejų metų jaunuolį paskelbė dingusiu be žinios.;Po dvejų metų jaunuolį paskelbė dingusį be žinios.;Su veiksmažodžiais laikyti, (pa)skelbti, (pa)vadinti, pripažinti įnagininkas – ne klaida.;ADDED THE INCORRECT ONE, but both are OK depending on the context. The incorrect one is more old school.;vlkk;;;
83;1;Use of Cases;6;3.6 Locative case;1;3.6.1 Locative case should not be used to express the experiencer of a state.;1;;Jam netikėtai kilo puiki mintis.;Jame netikėtai kilo puiki mintis.; ;;vlkk;;;
84;1;Use of Cases;6;3.6 Locative case;1;3.6.1 Locative case should not be used to express the experiencer of a state.;1;;Mokytoja nuolat diegia savo mokiniams grožio supratimą ir ugdo jų gėrio pradus.;Mokytoja nuolat diegia savo mokiniuose grožio supratimą ir ugdo juose gėrio pradus.; ;;vlkk;;;
85;1;Use of Cases;6;3.6 Locative case;1;3.6.1 Locative case should not be used to express the experiencer of a state.;1;;Kas jis labiau – humoristas ar žurnalistas?;Ko jame daugiau – humoristo ar žurnalisto?; ;;vlkk;;;
;1;Use of Cases;6;3.6 Locative case;1;3.6.1 Locative case should not be used to express the experiencer of a state.;1;;Dauguma žmonių įžvelgia kito žmogaus klaidas.;Dauguma žmonių įžvelgia klaidas kitame žmoguje.; ;;internet;https://www.kurstoti.lt/s/13594/dazniausios-sintakses-sakiniu-sandaros-klaidos-abiturientu-vbe-rasiniuose; ;
;1;Use of Cases;6;3.6 Locative case;1;3.6.1 Locative case should not be used to express the experiencer of a state.;1;;Jam vis labiau stiprėjo nerimas dėl artėjančio egzamino.;Jame vis labiau stiprėjo nerimas dėl artėjančio egzamino.; ;;ChatGPT;; ;
;1;Use of Cases;6;3.6 Locative case;1;3.6.1 Locative case should not be used to express the experiencer of a state.;1;;Studentams kilo susidomėjimas nauju kursu.;Studentuose kilo susidomėjimas nauju kursu.; ;;ChatGPT;; ;
;1;Use of Cases;6;3.6 Locative case;1;3.6.1 Locative case should not be used to express the experiencer of a state.;1;;Vaikams ėmė rastis baimė dėl tamsos.;Vaikuose ėmė rastis baimė dėl tamsos.; ;;ChatGPT;; ;
;1;Use of Cases;6;3.6 Locative case;1;3.6.1 Locative case should not be used to express the experiencer of a state.;1;;Direktoriui sukilo abejonės dėl projekto sėkmės.;Direktoriuje sukilo abejonės dėl projekto sėkmės.; ;;ChatGPT;; ;
;1;Use of Cases;6;3.6 Locative case;1;3.6.1 Locative case should not be used to express the experiencer of a state.;1;;Tėvams pabudo įtarimas, kad kažkas negerai.;Tėvuose pabudo įtarimas, kad kažkas negerai.; ;;ChatGPT;; ;
86;1;Use of Cases;6;3.6 Locative case;1;3.6.1 Locative case should not be used to express the experiencer of a state.;1;;Dar vaikystėje susiformavo būsimojo sportininko tvirtas charakteris.;Dar vaikystėje būsimajame sportininke susiformavo tvirtas charakteris.; ;;vlkk;;;
87;1;Use of Cases;6;3.6 Locative case;2;3.6.2 Locative case should not be used to express the domain of an action, state, or quality (but not a place).;1;;Ji gabi ir mokslui, ir sportui, ir muzikai.;Ji gabi ir moksle, ir sporte, ir muzikoje.; ;;vlkk;;;
88;1;Use of Cases;6;3.6 Locative case;2;3.6.2 Locative case should not be used to express the domain of an action, state, or quality (but not a place).;1;;Spėjau įsitikinti jų teisingumu ir sąžiningumu.;Spėjau įsitikinti jų teisingume ir sąžiningume.; ;;vlkk;;;
89;1;Use of Cases;6;3.6 Locative case;2;3.6.2 Locative case should not be used to express the domain of an action, state, or quality (but not a place).;1;;Asmuo įtariamas sunkiu nusikaltimu.;Asmuo įtariamas sunkiame nusikaltime.; ;;vlkk;;;
90;1;Use of Cases;6;3.6 Locative case;2;3.6.2 Locative case should not be used to express the domain of an action, state, or quality (but not a place).;1;;Menkai nusimanau apie mašinas.;Menkai nusimanau mašinose.; ;;vlkk;;;
91;1;Use of Cases;6;3.6 Locative case;2;3.6.2 Locative case should not be used to express the domain of an action, state, or quality (but not a place).;1;;Jis neblogai nusimano apie ekonomiką.;Jis neblogai nusimano ekonomikoje.; ;;vlkk;;;
92;1;Use of Cases;6;3.6 Locative case;2;3.6.2 Locative case should not be used to express the domain of an action, state, or quality (but not a place).;1;;Ką jis nutuokia apie tą tapybą?;Ką jis nutuokia toje tapyboje?; ;;vlkk;;;
;1;Use of Cases;6;3.6 Locative case;2;3.6.2 Locative case should not be used to express the domain of an action, state, or quality (but not a place).;1;;Daug žinau apie istoriją.;Daug žinau istorijoje.; ;;ChatGPT;; ;
;1;Use of Cases;6;3.6 Locative case;2;3.6.2 Locative case should not be used to express the domain of an action, state, or quality (but not a place).;1;;Jis labai patyręs finansų srityje.;Jis labai patyręs finansuose.; ;;ChatGPT;; ;
;1;Use of Cases;6;3.6 Locative case;2;3.6.2 Locative case should not be used to express the domain of an action, state, or quality (but not a place).;1;;Ji nuolat tobulėja viešojo kalbėjimo srityje.;Ji nuolat tobulėja viešajame kalbėjime.; ;;ChatGPT;; ;
93;1;Use of Cases;6;3.6 Locative case;2;3.6.2 Locative case should not be used to express the domain of an action, state, or quality (but not a place).;1;;Vaikinas prisipažino mylįs.;Vaikinas prisipažino meilėje.; ;Added 'Vaikinas' to make a full sentence.;vlkk;;;
94;1;Use of Cases;6;3.6 Locative case;3;3.6.3 Locative case should not be used to express the state, condition, or characteristic of a thing.;1;apimtyje;Atlikome plačios apimties tyrimus.;Atlikome tyrimus plačioje apimtyje.; ;;vlkk;;;
95;1;Use of Cases;6;3.6 Locative case;3;3.6.3 Locative case should not be used to express the state, condition, or characteristic of a thing.;2;atstume;Kelių metrų atstumu pamačiau gyvatę.;Kelių metrų atstume pamačiau gyvatę.; ;;vlkk;;;
96;1;Use of Cases;6;3.6 Locative case;3;3.6.3 Locative case should not be used to express the state, condition, or characteristic of a thing.;3;aukštumoje;Vakar tu pasirodei gerai.;Vakar tu pasirodei aukštumoje.; ;;vlkk;;;
97;1;Use of Cases;6;3.6 Locative case;3;3.6.3 Locative case should not be used to express the state, condition, or characteristic of a thing.;4;būklėje;Pastatai palikti apgailėtinos būklės.;Pastatai palikti apgailėtinoje būklėje.; ;;vlkk;;;
98;1;Use of Cases;6;3.6 Locative case;3;3.6.3 Locative case should not be used to express the state, condition, or characteristic of a thing.;4;būklėje;Namas yra avarinės būklės.;Namas yra avarinėje būklėje.; ;;vlkk;;;
99;1;Use of Cases;6;3.6 Locative case;3;3.6.3 Locative case should not be used to express the state, condition, or characteristic of a thing.;5;dvitomyje;Raštai išleisti dvitomiu.;Raštai išleisti dvitomyje.; ;;vlkk;;;
100;1;Use of Cases;6;3.6 Locative case;3;3.6.3 Locative case should not be used to express the state, condition, or characteristic of a thing.;6;egzemplioriuje;Tekstas perrašytas trimis egzemplioriais.;Tekstas perrašytas trijuose egzemplioriuose.; ;;vlkk;;;
101;1;Use of Cases;6;3.6 Locative case;3;3.6.3 Locative case should not be used to express the state, condition, or characteristic of a thing.;6;egzemplioriuje;Išspausdink penkis egzempliorius.;Išspausdink penkiuose egzemplioriuose.; ;;vlkk;;;
102;1;Use of Cases;6;3.6 Locative case;3;3.6.3 Locative case should not be used to express the state, condition, or characteristic of a thing.;7;etate;Dirba dviem etatais.;Dirba dviejuose etatuose.; ;;vlkk;;;
103;1;Use of Cases;6;3.6 Locative case;3;3.6.3 Locative case should not be used to express the state, condition, or characteristic of a thing.;8;formoje;Sportininkas šiandien blogos formos.;Sportininkas šiandien ne formoje.; ;;vlkk;;;
104;1;Use of Cases;6;3.6 Locative case;3;3.6.3 Locative case should not be used to express the state, condition, or characteristic of a thing.;8;formoje;Serga tymais lengva forma.;Serga tymais lengvoje formoje.; ;;vlkk;;;
105;1;Use of Cases;6;3.6 Locative case;3;3.6.3 Locative case should not be used to express the state, condition, or characteristic of a thing.;8;formoje;Kokia forma atsiskaitysime?;Kokioje formoje atsiskaitysime?; ;;vlkk;;;
106;1;Use of Cases;6;3.6 Locative case;3;3.6.3 Locative case should not be used to express the state, condition, or characteristic of a thing.;8;formoje;Nusipirkau forminio kumpio.;Nusipirkau kumpio formoje.; ;;vlkk;;;
107;1;Use of Cases;6;3.6 Locative case;3;3.6.3 Locative case should not be used to express the state, condition, or characteristic of a thing.;9;galioje;Šis įstatymas tebegalioja.;Šis įstatymas tebėra galioje.; ;;vlkk;;;
108;1;Use of Cases;6;3.6 Locative case;3;3.6.3 Locative case should not be used to express the state, condition, or characteristic of a thing.;10;kalboje;Skaitė paskaitą lietuvių kalba.;Skaitė paskaitą lietuvių kalboje.; ;;vlkk;;;
109;1;Use of Cases;6;3.6 Locative case;3;3.6.3 Locative case should not be used to express the state, condition, or characteristic of a thing.;10;kalboje;Knyga išėjo anglų ir švedų kalbomis.;Knyga išėjo anglų ir švedų kalbose.; ;;vlkk;;;
110;1;Use of Cases;6;3.6 Locative case;3;3.6.3 Locative case should not be used to express the state, condition, or characteristic of a thing.;11;kame;Koks čia reikalas?;Kame čia reikalas?; ;;vlkk;;;
111;1;Use of Cases;6;3.6 Locative case;3;3.6.3 Locative case should not be used to express the state, condition, or characteristic of a thing.;12;kryptyje;Apgynė edukologijos krypties disertaciją.;Apgynė disertaciją edukologijos kryptyje.; ;;vlkk;;;
112;1;Use of Cases;6;3.6 Locative case;3;3.6.3 Locative case should not be used to express the state, condition, or characteristic of a thing.;13;lygyje;Konkursas buvo aukšto lygio.;Konkursas vyko aukštame lygyje.; ;;vlkk;;;
113;1;Use of Cases;6;3.6 Locative case;3;3.6.3 Locative case should not be used to express the state, condition, or characteristic of a thing.;14;medžiagoje;Tas paminklas, nukaltas iš granito, yra nesugriaunamas ir nesunaikinamas.;Tas paminklas, nukaltas granite, yra nesugriaunamas ir nesunaikinamas.; ;Created a full sentence by looking at the corpus.;vlkk;;;
114;1;Use of Cases;6;3.6 Locative case;3;3.6.3 Locative case should not be used to express the state, condition, or characteristic of a thing.;14;medžiagoje;Jis pasišovė nulieti skulptūrą iš bronzos.;Jis pasišovė nulieti skulptūrą bronzoje.; ;Created a full sentence by looking at the corpus.;vlkk;;;
115;1;Use of Cases;6;3.6 Locative case;3;3.6.3 Locative case should not be used to express the state, condition, or characteristic of a thing.;15;normoje;Prietaisas jau veikia normaliai.;Prietaisas jau normoje.; ;;vlkk;;;
116;1;Use of Cases;6;3.6 Locative case;3;3.6.3 Locative case should not be used to express the state, condition, or characteristic of a thing.;15;normoje;Jo kraujospūdis normalus.;Jo kraujospūdis normoje.; ;Added 'Jo' to make a full sentence.;vlkk;;;
117;1;Use of Cases;6;3.6 Locative case;3;3.6.3 Locative case should not be used to express the state, condition, or characteristic of a thing.;15;normoje;Darbe viskas normalu.;Darbe viskas normoje.; ;Added 'Darbe' to make a full sentence.;vlkk;;;
118;1;Use of Cases;6;3.6 Locative case;3;3.6.3 Locative case should not be used to express the state, condition, or characteristic of a thing.;16;nuosavybėje;Inventorius yra mokyklos nuosavybė.;Inventorius yra mokyklos nuosavybėje.; ;;vlkk;;;
119;1;Use of Cases;6;3.6 Locative case;3;3.6.3 Locative case should not be used to express the state, condition, or characteristic of a thing.;17;nuotaikoje;Vakar buvau be nuotaikos.;Vakar buvau ne nuotaikoje.; ;;vlkk;;;
120;1;Use of Cases;6;3.6 Locative case;3;3.6.3 Locative case should not be used to express the state, condition, or characteristic of a thing.;18;nuotolyje;Jų namai stovi už kelių kilometrų nuo ežero.;Jų namai stovi kelių kilometrų nuotolyje nuo ežero.; ;;vlkk;;;
121;1;Use of Cases;6;3.6 Locative case;3;3.6.3 Locative case should not be used to express the state, condition, or characteristic of a thing.;19;originale;Pagaliau pamatėme to paveikslo originalą.;Pagaliau pamatėme tą paveikslą originale.; ;;vlkk;;;
122;1;Use of Cases;6;3.6 Locative case;3;3.6.3 Locative case should not be used to express the state, condition, or characteristic of a thing.;19;originale;Romaną buvau skaitęs originalo kalba.;Romaną buvau skaitęs originale.; ;;vlkk;;;
123;1;Use of Cases;6;3.6 Locative case;3;3.6.3 Locative case should not be used to express the state, condition, or characteristic of a thing.;20;pardavime;Šiandien parduodama trijų rūšių mėsa.;Šiandien pardavime yra trijų rūšių mėsos.; ;;vlkk;;;
124;1;Use of Cases;6;3.6 Locative case;3;3.6.3 Locative case should not be used to express the state, condition, or characteristic of a thing.;21;pavidale;Prekės gautos fasuotos.;Prekės gautos fasuotame pavidale.; ;;vlkk;;;
125;1;Use of Cases;6;3.6 Locative case;3;3.6.3 Locative case should not be used to express the state, condition, or characteristic of a thing.;21;pavidale;Po reakcijos gavome medžiagą kristalų pavidalo.;Po reakcijos gavome medžiagą kristalų pavidale.; ;;vlkk;;;
126;1;Use of Cases;6;3.6 Locative case;3;3.6.3 Locative case should not be used to express the state, condition, or characteristic of a thing.;22;rankraštyje;Kiek metų tas romanas buvo rankraštis?;Kiek metų tas romanas buvo rankraštyje?; ;;vlkk;;;
127;1;Use of Cases;6;3.6 Locative case;3;3.6.3 Locative case should not be used to express the state, condition, or characteristic of a thing.;22;rankraštyje;Skaičiau šio veikalo rankraštį.;Skaičiau šį veikalą rankraštyje.; ;;vlkk;;;
128;1;Use of Cases;6;3.6 Locative case;3;3.6.3 Locative case should not be used to express the state, condition, or characteristic of a thing.;23;ryšyje su;Augalai yra glaudžiai susiję su dirvožemiu.;Augalai yra glaudžiame ryšyje su dirvožemiu.; ;;vlkk;;;
129;1;Use of Cases;6;3.6 Locative case;3;3.6.3 Locative case should not be used to express the state, condition, or characteristic of a thing.;24;ritme;Šokite valso ritmu.;Šokite valso ritme.; ;;vlkk;;;
130;1;Use of Cases;6;3.6 Locative case;3;3.6.3 Locative case should not be used to express the state, condition, or characteristic of a thing.;25;sąlytyje su;Jis visą laiką buvo glaudžiai susijęs su gamtos mokslais.;Jis visą laiką buvo glaudžiame sąlytyje su gamtos mokslais.; ;;vlkk;;;
131;1;Use of Cases;6;3.6 Locative case;3;3.6.3 Locative case should not be used to express the state, condition, or characteristic of a thing.;26;stadijoje;Turime sunkumų ir tebelaukiame.;Turime sunkumų ir esame laukimo stadijoje.; ;;vlkk;;;
132;1;Use of Cases;6;3.6 Locative case;3;3.6.3 Locative case should not be used to express the state, condition, or characteristic of a thing.;26;stadijoje;Viskas tebėra projektai.;Viskas tebėra projektų stadijoje.; ;;vlkk;;;
133;1;Use of Cases;6;3.6 Locative case;3;3.6.3 Locative case should not be used to express the state, condition, or characteristic of a thing.;27;statuse;Ministerijoje dirbs tie patys žmonės, tik turės naują statusą.;Ministerijoje dirbs tie patys žmonės, tik naujame statuse.; ;;vlkk;;;
134;1;Use of Cases;6;3.6 Locative case;3;3.6.3 Locative case should not be used to express the state, condition, or characteristic of a thing.;28;stiliuje;Jis mėgsta rengtis sportiniu stiliumi.;Jis mėgsta rengtis sportiniame stiliuje.; ;;vlkk;;;
135;1;Use of Cases;6;3.6 Locative case;3;3.6.3 Locative case should not be used to express the state, condition, or characteristic of a thing.;28;stiliuje;Eilėraštis parašytas iškilmingu stiliumi.;Eilėraštis parašytas iškilmingame stiliuje.; ;;vlkk;;;
136;1;Use of Cases;6;3.6 Locative case;3;3.6.3 Locative case should not be used to express the state, condition, or characteristic of a thing.;29;stovyje;Pirksiu geros būklės pianiną.;Pirksiu pianiną gerame stovyje.; ;;vlkk;;;
137;1;Use of Cases;6;3.6 Locative case;3;3.6.3 Locative case should not be used to express the state, condition, or characteristic of a thing.;29;stovyje;Jau keli mėnesiai šalyje yra karo būvis.;Jau keli mėnesiai šalis yra karo stovyje.; ;;vlkk;;;
138;1;Use of Cases;6;3.6 Locative case;3;3.6.3 Locative case should not be used to express the state, condition, or characteristic of a thing.;29;stovyje;Jį rado girtą.;Jį rado girtame stovyje.; ;;vlkk;;;
139;1;Use of Cases;6;3.6 Locative case;3;3.6.3 Locative case should not be used to express the state, condition, or characteristic of a thing.;30;sudėtyje;Komanda susirinko visos sudėties.;Komanda susirinko visoje sudėtyje.; ;Changed 'pilnoje' to 'visoje' to make the sentences more similar to each other.;vlkk;;;
140;1;Use of Cases;6;3.6 Locative case;3;3.6.3 Locative case should not be used to express the state, condition, or characteristic of a thing.;31;sumoje;Patvirtino 1000 litų sumos sąmatą.;Patvirtino sąmatą 1000 litų sumoje.; ;;vlkk;;;
141;1;Use of Cases;6;3.6 Locative case;3;3.6.3 Locative case should not be used to express the state, condition, or characteristic of a thing.;31;sumoje;Iš viso turime 3000 litų pelno.;Bendroje sumoje turime 3000 litų pelno.; ;;vlkk;;;
142;1;Use of Cases;6;3.6 Locative case;3;3.6.3 Locative case should not be used to express the state, condition, or characteristic of a thing.;32;tame;Gamykla nedirba, o dalykas tas, kad negauname žaliavų.;Gamykla nedirba, o dalykas tame, kad negauname žaliavų.; ;;vlkk;;;
143;1;Use of Cases;6;3.6 Locative case;3;3.6.3 Locative case should not be used to express the state, condition, or characteristic of a thing.;32;tame;Reikalas tas, kad baigėsi benzinas.;Reikalas tame, kad baigėsi benzinas.; ;;vlkk;;;
144;1;Use of Cases;6;3.6 Locative case;3;3.6.3 Locative case should not be used to express the state, condition, or characteristic of a thing.;33;tame skaičiuje;Statybai skirta 9000 tūkst. litų, iš jų 500 tūkst. litų montavimo ir apdailos darbams.;Statybai skirta 9000 tūkst. litų, tame skaičiuje 500 tūkst. litų montavimo ir apdailos darbams.; ;;vlkk;;;
145;1;Use of Cases;6;3.6 Locative case;3;3.6.3 Locative case should not be used to express the state, condition, or characteristic of a thing.;34;tame tarpe;Ekspedicijoje dalyvavo 15 žmonių, tarp jų ir vienas gydytojas.;Ekspedicijoje dalyvavo 15 žmonių, tame tarpe ir vienas gydytojas.; ;;vlkk;;;
146;1;Use of Cases;6;3.6 Locative case;3;3.6.3 Locative case should not be used to express the state, condition, or characteristic of a thing.;34;tame tarpe;Tokių konkursų, tarp jų senamiesčiui restauruoti, reikėtų skelbti daugiau.;Tokių konkursų, tame tarpe senamiesčiui restauruoti, reikėtų skelbti daugiau.; ;;vlkk;;;
147;1;Use of Cases;6;3.6 Locative case;3;3.6.3 Locative case should not be used to express the state, condition, or characteristic of a thing.;35;tempe;Pamėginkime pagriežti šį kūrinį greitesniu tempu.;Pamėginkime pagriežti šį kūrinį greitesniame tempe.; ;;vlkk;;;
148;1;Use of Cases;6;3.6 Locative case;3;3.6.3 Locative case should not be used to express the state, condition, or characteristic of a thing.;36;variante;Apsvarstykime tolesnius veiksmus įvairiais variantais.;Apsvarstykime tolesnius veiksmus įvairiuose variantuose.; ;;vlkk;;;
149;1;Use of Cases;6;3.6 Locative case;4;3.6.4 Locative case should not be used to express the cause or basis of a state.;1;išdavoje;Nuo pervargimo organizmas nusilpsta.;Pervargimo išdavoje organizmas nusilpsta.; ;;vlkk;;;
150;1;Use of Cases;6;3.6 Locative case;4;3.6.4 Locative case should not be used to express the cause or basis of a state.;2;įtakoje;Dėl sausros gausime menkesnį derlių.;Sausros įtakoje gausime menkesnį derlių.; ;;vlkk;;;
151;1;Use of Cases;6;3.6 Locative case;4;3.6.4 Locative case should not be used to express the cause or basis of a state.;3;pasekmėje;Dėl karo krašto ūkis buvo nuniokotas.;Karo pasekmėje krašto ūkis buvo nuniokotas.; ;;vlkk;;;
152;1;Use of Cases;6;3.6 Locative case;4;3.6.4 Locative case should not be used to express the cause or basis of a state.;4;poveikyje;Nuo vaistų ligoniui palengvėjo.;Vaistų poveikyje ligoniui palengvėjo.; ;;vlkk;;;
153;1;Use of Cases;6;3.6 Locative case;4;3.6.4 Locative case should not be used to express the cause or basis of a state.;4;poveikyje;Dėl įtempto darbo pablogėjo sveikata.;Įtempto darbo poveikyje pablogėjo sveikata.; ;;vlkk;;;
;1;Use of Cases;6;3.6 Locative case;4;3.6.4 Locative case should not be used to express the cause or basis of a state.;5;rezultate;Dėl to Severja ištekėjo už tijūno Rapolo. ;To rezultate Severja ištekėjo už tijūno Rapolo. ; ;;internet;https://www.kurstoti.lt/s/13594/dazniausios-sintakses-sakiniu-sandaros-klaidos-abiturientu-vbe-rasiniuose; ;
154;1;Use of Cases;6;3.6 Locative case;4;3.6.4 Locative case should not be used to express the cause or basis of a state.;5;rezultate;Dėl tokio apsileidimo kilo gaisras.;Tokio apsileidimo rezultate kilo gaisras.; ;;vlkk;;;
155;1;Use of Cases;6;3.6 Locative case;4;3.6.4 Locative case should not be used to express the cause or basis of a state.;6;sąryšyje (su);Ligonį skubiai operavo dėl pasunkėjusios būklės.;Ligonį skubiai operavo sąryšyje su pasunkėjusia būkle. ; ;;vlkk;;;
;1;Use of Cases;6;3.6 Locative case;4;3.6.4 Locative case should not be used to express the cause or basis of a state.;3;pasekmėje;Dėl liūties buvo užlieti rūsiai.;Liūties pasekmėje buvo užlieti rūsiai.; ;;ChatGPT;;;
;1;Use of Cases;6;3.6 Locative case;4;3.6.4 Locative case should not be used to express the cause or basis of a state.;1;išdavoje;Nuo stipraus vėjo nuvirto medžiai.;Stipraus vėjo išdavoje nuvirto medžiai.; ;;ChatGPT;;;
;1;Use of Cases;6;3.6 Locative case;4;3.6.4 Locative case should not be used to express the cause or basis of a state.;6;sąryšyje (su);Dėl sunkios ekonominės situacijos finansavimas sumažėjo.;Ryšyje su sunkia ekonomine situacija finansavimas sumažėjo.; ;;internet;https://salcininkai.lt/valstybine-kalba/linksniu-vartojimo-klaidos/1004; ;
156;1;Use of Cases;6;3.6 Locative case;4;3.6.4 Locative case should not be used to express the cause or basis of a state.;6;sąryšyje (su);Jis atleistas iš pareigų ryšium su perėjimu į kitą darbą.;Jis atleistas iš pareigų sąryšyje su perėjimu į kitą darbą.; ;;vlkk;;;
157;1;Use of Cases;6;3.6 Locative case;5;3.6.5 Locative case should not be used to express the manner or timing of an action.;1;daugelyje atvejų;Operacijos daugeliu atvejų pavykdavo.;Operacijos daugelyje atvejų pavykdavo.; ;;vlkk;;;
158;1;Use of Cases;6;3.6 Locative case;5;3.6.5 Locative case should not be used to express the manner or timing of an action.;2;daugumoje;Daugiausia gripu sergama pavasarį ir rudenį.;Daugumoje gripu sergama pavasarį ir rudenį.; ;;vlkk;;;
159;1;Use of Cases;6;3.6 Locative case;5;3.6.5 Locative case should not be used to express the manner or timing of an action.;2;daugumoje;Bendrovėje dirba daugiausia moterys.;Bendrovėje dirba daugumoje moterys.; ;;vlkk;;;
160;1;Use of Cases;6;3.6 Locative case;5;3.6.5 Locative case should not be used to express the manner or timing of an action.;3;didžiumoje;Šiandien tas autorius beveik visai užmirštas.;Šiandien tas autorius didžiumoje užmirštas.; ;;vlkk;;;
161;1;Use of Cases;6;3.6 Locative case;5;3.6.5 Locative case should not be used to express the manner or timing of an action.;4;eilėje atvejų;Dėl avarijų dažnai būna kalti pėstieji.;Dėl avarijų eilėje atvejų būna kalti pėstieji.; ;;vlkk;;;
162;1;Use of Cases;6;3.6 Locative case;5;3.6.5 Locative case should not be used to express the manner or timing of an action.;5;esmėje;Niekas iš esmės nepasikeitė.;Niekas esmėje nepasikeitė.; ;;vlkk;;;
153;1;Use of Cases;6;3.6 Locative case;5;3.6.5 Locative case should not be used to express the manner or timing of an action.;6;pagrinde;Statybos darbai apskritai baigti.;Statybos darbai pagrinde baigti.; ;;vlkk;;;
164;1;Use of Cases;6;3.6 Locative case;5;3.6.5 Locative case should not be used to express the manner or timing of an action.;6;pagrinde;Susirinko daugiausia pagyvenę žmonės.;Susirinko pagrinde pagyvenę žmonės.; ;;vlkk;;;
165;1;Use of Cases;6;3.6 Locative case;5;3.6.5 Locative case should not be used to express the manner or timing of an action.;7;paskutinėje eilėje;Šį klausimą aptarsime paskutinį.;Šį klausimą aptarsime paskutinėje eilėje.; ;;vlkk;;;
166;1;Use of Cases;6;3.6 Locative case;5;3.6.5 Locative case should not be used to express the manner or timing of an action.;8;pilnumoje;Remontą baigėme visai.;Remontą baigėme pilnumoje.; ;;vlkk;;;
167;1;Use of Cases;6;3.6 Locative case;5;3.6.5 Locative case should not be used to express the manner or timing of an action.;9;pirmoje eilėje;Pirmiausia sudarykime darbo planą.;Pirmoje eilėje sudarykime darbo planą.; ;;vlkk;;;
168;1;Use of Cases;6;3.6 Locative case;5;3.6.5 Locative case should not be used to express the manner or timing of an action.;10;principe;Iš principo su tavim sutinku.;Principe su tavim sutinku.; ;;vlkk;;;
169;1;Use of Cases;6;3.6 Locative case;5;3.6.5 Locative case should not be used to express the manner or timing of an action.;11;visumoje;Paroda apskritai pavyko.;Paroda visumoje pavyko.; ;;vlkk;;;
170;1;Use of Cases;6;3.6 Locative case;6;3.6.6 Locative case should not be used to express a time period as a preposition or postposition.;1;bėgyje;Darbą turime baigti per metus.;Darbą turime baigti metų bėgyje.; ;;vlkk;;;
171;1;Use of Cases;6;3.6 Locative case;6;3.6.6 Locative case should not be used to express a time period as a preposition or postposition.;1;bėgyje;Laikui bėgant tiltas apgriuvo.;Laiko bėgyje tiltas apgriuvo.; ;;vlkk;;;
172;1;Use of Cases;6;3.6 Locative case;6;3.6.6 Locative case should not be used to express a time period as a preposition or postposition.;1;bėgyje;Pretenzijos priimamos mėnesį.;Pretenzijos priimamos mėnesio bėgyje.; ;;vlkk;;;
173;1;Use of Cases;6;3.6 Locative case;6;3.6.6 Locative case should not be used to express a time period as a preposition or postposition.;2;laike;Sprendimas gali būti apskundžiamas per dešimt dienų.;Sprendimas gali būti apskundžiamas dešimt dienų laike.; ;;vlkk;;;
;1;Use of Cases;6;3.6 Locative case;6;3.6.6 Locative case should not be used to express a time period as a preposition or postposition.;1;bėgyje;Projektas turi būti įgyvendintas per savaitę.;Projektas turi būti įgyvendintas savaitės bėgyje.; ;;ChatGPT;; ;
;1;Use of Cases;6;3.6 Locative case;6;3.6.6 Locative case should not be used to express a time period as a preposition or postposition.;2;laike;Atsiskaitymas turi būti atliktas per tris dienas.;Atsiskaitymas turi būti atliktas trijų dienų laike.; ;;ChatGPT;; ;
;1;Use of Cases;6;3.6 Locative case;6;3.6.6 Locative case should not be used to express a time period as a preposition or postposition.;2;laike;Visi dokumentai turi būti pateikti per mėnesį.;Visi dokumentai turi būti pateikti mėnesio laike.; ;;ChatGPT;; ;
;1;Use of Cases;6;3.6 Locative case;6;3.6.6 Locative case should not be used to express a time period as a preposition or postposition.;3;laikotarpyje;Kursai vyko per du mėnesius.;Kursai vyko dviejų mėnesių laikotarpyje.; ;;ChatGPT;; ;
;1;Use of Cases;6;3.6 Locative case;6;3.6.6 Locative case should not be used to express a time period as a preposition or postposition.;3;laikotarpyje;Knyga turi būti perskaityta per tris mėnesius.;Knyga turi būti perskaityta trijų mėnesių laikotarpyje.; ;;ChatGPT;; ;
174;1;Use of Cases;6;3.6 Locative case;6;3.6.6 Locative case should not be used to express a time period as a preposition or postposition.;3;laikotarpyje;Atsakymą gausite trijų dienų laikotarpiu.;Atsakymą gausite trijų dienų laikotarpyje.; ;;vlkk;;;